timestamp,unit_id,unit_type,empire_or_resistance,location_x,location_y,destination_x,destination_y,homeworld
2025-07-08 14:12:50,1,at-at,empire,4,9,10,10,Tund
2025-07-08 14:12:49,2,at-at,empire,3,7,7,2,Iktotch
2025-07-08 14:12:48,3,x-wing,empire,7,9,8,7,Stewjon
2025-07-08 14:12:47,4,unknown,empire,10,6,8,6,Toydaria
2025-07-08 14:12:46,5,tie_fighter,empire,4,9,7,8,Tund
2025-07-08 14:12:45,6,x-wing,resistance,6,8,2,4,Sullust
2025-07-08 14:12:44,7,resistance_soldier,empire,7,8,1,1,Zolan
2025-07-08 14:12:43,8,stormtrooper,empire,8,8,8,8,Trandosha
2025-07-08 14:12:42,9,tie_fighter,resistance,6,3,1,6,Shili
2025-07-08 14:12:41,10,at-st,empire,6,3,2,9,Serenno
2025-07-08 14:12:40,11,tie_silencer,resistance,8,8,5,6,Cerea
2025-07-08 14:12:39,12,at-at,resistance,9,3,8,6,Kashyyyk
2025-07-08 14:12:38,13,x-wing,empire,5,8,7,10,Aleen Minor
2025-07-08 14:12:37,14,resistance_soldier,empire,6,2,4,3,Tatooine
2025-07-08 14:12:36,15,tie_silencer,resistance,4,10,7,1,Champala
2025-07-08 14:12:35,16,at-st,resistance,1,8,3,8,Glee Anselm
2025-07-08 14:12:34,17,stormtrooper,empire,9,2,9,7,Stewjon
2025-07-08 14:12:33,18,tie_silencer,resistance,2,1,7,3,Umbara
2025-07-08 14:12:32,19,at-at,resistance,3,6,1,6,Kashyyyk
2025-07-08 14:12:31,20,tie_silencer,empire,9,7,8,3,Bestine IV
2025-07-08 14:12:30,21,at-st,resistance,6,10,8,8,Eriadu
2025-07-08 14:12:29,22,tie_silencer,resistance,8,10,6,7,Eriadu
2025-07-08 14:12:28,23,at-st,empire,10,8,5,10,Muunilinst
2025-07-08 14:12:27,24,at-st,empire,2,9,7,5,Dagobah
2025-07-08 14:12:26,25,resistance_soldier,empire,3,4,1,6,Skako
2025-07-08 14:12:25,26,tie_silencer,empire,3,10,4,1,Rodia
2025-07-08 14:12:24,27,tie_silencer,empire,3,10,5,4,Quermia
2025-07-08 14:12:23,28,at-st,empire,7,3,7,3,Tund
2025-07-08 14:12:22,29,x-wing,resistance,1,10,4,1,Haruun Kal
2025-07-08 14:12:21,30,tie_fighter,resistance,5,5,2,10,Zolan
2025-07-08 14:12:20,31,stormtrooper,resistance,9,9,2,2,Bestine IV
2025-07-08 14:12:19,32,resistance_soldier,resistance,6,3,1,3,Naboo
2025-07-08 14:12:18,33,x-wing,empire,4,4,8,5,Toydaria
2025-07-08 14:12:17,34,x-wing,resistance,6,7,7,2,Mirial
2025-07-08 14:12:16,35,x-wing,resistance,8,1,5,1,Chandrila
2025-07-08 14:12:15,36,tie_fighter,resistance,2,6,2,10,Dathomir
2025-07-08 14:12:14,37,stormtrooper,empire,1,1,6,10,Ojom
2025-07-08 14:12:13,38,x-wing,empire,4,9,10,8,Haruun Kal
2025-07-08 14:12:12,39,at-at,resistance,1,7,10,7,Kashyyyk
2025-07-08 14:12:11,40,stormtrooper,resistance,7,1,3,6,Ryloth
2025-07-08 14:12:10,41,resistance_soldier,resistance,7,9,4,9,Ryloth
2025-07-08 14:12:09,42,tie_silencer,empire,6,8,4,6,Glee Anselm
2025-07-08 14:12:08,43,tie_fighter,empire,3,10,1,5,Kalee
2025-07-08 14:12:07,44,unknown,empire,5,9,3,10,Iridonia
2025-07-08 14:12:06,45,at-at,empire,10,1,10,5,Quermia
2025-07-08 14:12:05,46,at-at,empire,9,6,3,9,Malastare
2025-07-08 14:12:04,47,unknown,empire,8,2,4,2,Malastare
2025-07-08 14:12:03,48,resistance_soldier,resistance,1,5,7,3,Alderaan
2025-07-08 14:12:02,49,tie_silencer,resistance,8,5,5,2,Umbara
2025-07-08 14:12:01,50,tie_silencer,resistance,8,3,2,4,Tholoth
2025-07-08 14:12:00,51,unknown,resistance,10,8,7,2,Sullust
2025-07-08 14:11:59,52,at-at,empire,8,9,9,5,Haruun Kal
2025-07-08 14:11:58,53,unknown,empire,3,1,3,8,Stewjon
2025-07-08 14:11:57,54,unknown,empire,4,7,5,2,Haruun Kal
2025-07-08 14:11:56,55,resistance_soldier,empire,9,3,8,2,Skako
2025-07-08 14:11:55,56,tie_fighter,resistance,4,4,10,6,Mirial
2025-07-08 14:11:54,57,stormtrooper,empire,1,2,2,4,Aleen Minor
2025-07-08 14:11:53,58,tie_fighter,resistance,3,6,7,10,Naboo
2025-07-08 14:11:52,59,at-at,empire,2,10,3,9,Iktotch
2025-07-08 14:11:51,60,resistance_soldier,empire,3,7,2,6,Concord Dawn
2025-07-08 14:11:50,61,stormtrooper,empire,8,9,6,3,Tatooine
2025-07-08 14:11:49,62,tie_silencer,empire,2,4,9,5,Stewjon
2025-07-08 14:11:48,63,at-at,resistance,10,7,10,9,Mon Cala
2025-07-08 14:11:47,64,tie_silencer,resistance,3,4,4,10,Kalee
2025-07-08 14:11:46,65,at-st,empire,3,7,8,8,Mirial
2025-07-08 14:11:45,66,at-st,resistance,7,6,8,4,Mirial
2025-07-08 14:11:44,67,x-wing,resistance,4,3,5,2,Tholoth
2025-07-08 14:11:43,68,tie_silencer,empire,2,6,5,6,Ryloth
2025-07-08 14:11:42,69,unknown,empire,10,3,4,10,Serenno
2025-07-08 14:11:41,70,at-st,resistance,3,6,7,8,Aleen Minor
2025-07-08 14:11:40,71,at-st,resistance,10,5,4,3,Alderaan
2025-07-08 14:11:39,72,at-at,resistance,3,3,10,6,Chandrila
2025-07-08 14:11:38,73,x-wing,empire,4,2,1,4,Concord Dawn
2025-07-08 14:11:37,74,x-wing,resistance,1,1,8,1,Ryloth
2025-07-08 14:11:36,75,at-at,empire,9,4,10,5,Umbara
2025-07-08 14:11:35,76,stormtrooper,empire,3,3,1,10,Zolan
2025-07-08 14:11:34,77,stormtrooper,empire,5,5,7,3,Trandosha
2025-07-08 14:11:33,78,x-wing,resistance,9,3,10,9,Bestine IV
2025-07-08 14:11:32,79,x-wing,resistance,10,5,9,6,Serenno
2025-07-08 14:11:31,80,x-wing,resistance,4,8,1,7,Socorro
2025-07-08 14:11:30,81,at-st,empire,8,4,10,4,Iktotch
2025-07-08 14:11:29,82,stormtrooper,resistance,1,4,4,9,Umbara
2025-07-08 14:11:28,83,at-at,resistance,2,10,10,6,Dorin
2025-07-08 14:11:27,84,resistance_soldier,empire,6,9,8,10,Naboo
2025-07-08 14:11:26,85,x-wing,resistance,7,7,3,9,Kashyyyk
2025-07-08 14:11:25,86,tie_silencer,empire,5,5,9,5,Eriadu
2025-07-08 14:11:24,87,at-at,empire,6,3,5,4,Kalee
2025-07-08 14:11:23,88,tie_silencer,empire,3,1,4,3,Dorin
2025-07-08 14:11:22,89,tie_silencer,empire,2,5,8,6,Socorro
2025-07-08 14:11:21,90,at-st,resistance,5,8,8,2,Bestine IV
2025-07-08 14:11:20,91,stormtrooper,resistance,6,7,6,10,Kalee
2025-07-08 14:11:19,92,unknown,empire,10,1,5,7,Troiken
2025-07-08 14:11:18,93,tie_silencer,resistance,3,8,6,10,Shili
2025-07-08 14:11:17,94,x-wing,empire,6,2,3,9,Dagobah
2025-07-08 14:11:16,95,stormtrooper,empire,6,1,5,3,Vulpter
2025-07-08 14:11:15,96,resistance_soldier,resistance,7,8,3,9,Socorro
2025-07-08 14:11:14,97,tie_silencer,resistance,1,9,10,5,Cerea
2025-07-08 14:11:13,98,at-at,resistance,6,6,9,5,Alderaan
2025-07-08 14:11:12,99,resistance_soldier,empire,3,10,2,5,Iridonia
2025-07-08 14:11:11,100,at-st,empire,7,9,1,9,Tund
2025-07-08 14:11:10,101,x-wing,empire,3,10,3,9,Stewjon
2025-07-08 14:11:09,102,at-st,empire,2,8,9,5,Aleen Minor
2025-07-08 14:11:08,103,at-at,resistance,7,1,2,6,Vulpter
2025-07-08 14:11:07,104,at-at,resistance,2,6,7,8,Cerea
2025-07-08 14:11:06,105,tie_fighter,resistance,8,6,6,3,Bestine IV
2025-07-08 14:11:05,106,unknown,empire,5,5,5,8,Muunilinst
2025-07-08 14:11:04,107,tie_silencer,empire,8,2,10,2,Dagobah
2025-07-08 14:11:03,108,stormtrooper,empire,9,5,8,2,Dorin
2025-07-08 14:11:02,109,tie_silencer,resistance,8,10,9,9,Iktotch
2025-07-08 14:11:01,110,tie_silencer,empire,10,10,1,2,Kashyyyk
2025-07-08 14:11:00,111,resistance_soldier,resistance,6,2,8,2,Socorro
2025-07-08 14:10:59,112,stormtrooper,empire,6,10,7,8,Shili
2025-07-08 14:10:58,113,tie_silencer,resistance,2,3,10,4,Vulpter
2025-07-08 14:10:57,114,at-at,resistance,7,8,7,3,Kashyyyk
2025-07-08 14:10:56,115,stormtrooper,resistance,3,1,7,2,Kashyyyk
2025-07-08 14:10:55,116,x-wing,empire,5,7,8,2,Muunilinst
2025-07-08 14:10:54,117,x-wing,empire,5,4,1,8,Skako
2025-07-08 14:10:53,118,resistance_soldier,resistance,8,1,3,7,Iktotch
2025-07-08 14:10:52,119,tie_fighter,empire,7,7,5,9,Stewjon
2025-07-08 14:10:51,120,stormtrooper,resistance,7,7,2,2,Socorro
2025-07-08 14:10:50,121,tie_silencer,empire,5,1,7,10,Bestine IV
2025-07-08 14:10:49,122,unknown,empire,4,5,3,3,Socorro
2025-07-08 14:10:48,123,x-wing,empire,4,1,8,4,Serenno
2025-07-08 14:10:47,124,tie_silencer,resistance,5,3,7,5,Iktotch
2025-07-08 14:10:46,125,x-wing,resistance,9,5,2,4,Toydaria
2025-07-08 14:10:45,126,x-wing,resistance,10,5,1,6,Toydaria
2025-07-08 14:10:44,127,unknown,resistance,10,7,5,4,Kalee
2025-07-08 14:10:43,128,resistance_soldier,resistance,6,1,4,6,Shili
2025-07-08 14:10:42,129,x-wing,empire,5,7,7,1,Tholoth
2025-07-08 14:10:41,130,tie_silencer,empire,1,2,7,2,Concord Dawn
2025-07-08 14:10:40,131,at-st,empire,10,8,3,6,Tholoth
2025-07-08 14:10:39,132,resistance_soldier,resistance,4,4,8,4,Sullust
2025-07-08 14:10:38,133,x-wing,resistance,6,7,9,7,Mirial
2025-07-08 14:10:37,134,at-at,empire,8,6,9,3,Serenno
2025-07-08 14:10:36,135,resistance_soldier,resistance,2,7,8,8,Bestine IV
2025-07-08 14:10:35,136,stormtrooper,resistance,1,8,9,2,Kalee
2025-07-08 14:10:34,137,at-at,resistance,6,5,3,2,Sullust
2025-07-08 14:10:33,138,stormtrooper,empire,3,7,3,9,Mirial
2025-07-08 14:10:32,139,x-wing,resistance,2,6,5,1,Tholoth
2025-07-08 14:10:31,140,tie_fighter,empire,4,6,3,1,Troiken
2025-07-08 14:10:30,141,tie_fighter,resistance,6,4,6,8,Aleen Minor
2025-07-08 14:10:29,142,resistance_soldier,resistance,1,10,9,5,Toydaria
2025-07-08 14:10:28,143,resistance_soldier,resistance,3,7,8,5,Iktotch
2025-07-08 14:10:27,144,resistance_soldier,resistance,1,7,4,3,Champala
2025-07-08 14:10:26,145,tie_silencer,empire,6,9,9,1,Serenno
2025-07-08 14:10:25,146,resistance_soldier,resistance,7,9,9,2,Mirial
2025-07-08 14:10:24,147,at-at,empire,8,5,8,2,Shili
2025-07-08 14:10:23,148,tie_silencer,empire,4,10,8,3,Dagobah
2025-07-08 14:10:22,149,unknown,resistance,10,9,8,2,Iktotch
2025-07-08 14:10:21,150,stormtrooper,empire,2,5,7,7,Zolan
2025-07-08 14:10:20,151,resistance_soldier,resistance,8,7,6,7,Vulpter
2025-07-08 14:10:19,152,tie_fighter,empire,8,4,10,5,Mirial
2025-07-08 14:10:18,153,x-wing,resistance,7,1,7,5,Iridonia
2025-07-08 14:10:17,154,at-st,empire,4,1,3,6,Trandosha
2025-07-08 14:10:16,155,unknown,resistance,1,8,6,10,Chandrila
2025-07-08 14:10:15,156,stormtrooper,empire,7,2,5,5,Rodia
2025-07-08 14:10:14,157,at-st,resistance,9,8,4,9,Ryloth
2025-07-08 14:10:13,158,tie_fighter,resistance,7,9,7,6,Toydaria
2025-07-08 14:10:12,159,x-wing,empire,3,1,7,6,Shili
2025-07-08 14:10:11,160,resistance_soldier,resistance,3,9,2,6,Haruun Kal
2025-07-08 14:10:10,161,x-wing,resistance,8,5,7,10,Glee Anselm
2025-07-08 14:10:09,162,tie_silencer,empire,3,5,7,9,Muunilinst
2025-07-08 14:10:08,163,x-wing,empire,8,3,7,8,Mirial
2025-07-08 14:10:07,164,unknown,empire,2,5,7,6,Iridonia
2025-07-08 14:10:06,165,unknown,resistance,5,8,1,7,Tholoth
2025-07-08 14:10:05,166,resistance_soldier,resistance,6,1,2,8,Aleen Minor
2025-07-08 14:10:04,167,tie_fighter,empire,10,4,8,7,Malastare
2025-07-08 14:10:03,168,tie_fighter,empire,8,2,8,5,Toydaria
2025-07-08 14:10:02,169,tie_silencer,resistance,10,4,9,3,Mon Cala
2025-07-08 14:10:01,170,x-wing,resistance,2,8,1,1,Mon Cala
2025-07-08 14:10:00,171,at-st,empire,4,10,9,3,Tund
2025-07-08 14:09:59,172,x-wing,empire,7,2,9,8,Dagobah
2025-07-08 14:09:58,173,at-st,empire,9,10,1,3,Dagobah
2025-07-08 14:09:57,174,resistance_soldier,resistance,9,7,7,4,Ryloth
2025-07-08 14:09:56,175,unknown,resistance,9,10,4,5,Skako
2025-07-08 14:09:55,176,stormtrooper,empire,6,3,9,1,Aleen Minor
2025-07-08 14:09:54,177,tie_fighter,resistance,5,6,10,6,Bestine IV
2025-07-08 14:09:53,178,x-wing,empire,6,6,4,2,Corellia
2025-07-08 14:09:52,179,stormtrooper,resistance,10,3,8,1,Iktotch
2025-07-08 14:09:51,180,at-at,empire,1,6,9,1,Glee Anselm
2025-07-08 14:09:50,181,tie_fighter,resistance,3,1,8,4,Tholoth
2025-07-08 14:09:49,182,tie_silencer,resistance,2,3,6,6,Ryloth
2025-07-08 14:09:48,183,tie_silencer,empire,5,5,4,1,Muunilinst
2025-07-08 14:09:47,184,tie_fighter,resistance,8,9,2,6,Eriadu
2025-07-08 14:09:46,185,at-at,resistance,3,3,1,1,Aleen Minor
2025-07-08 14:09:45,186,unknown,resistance,4,8,8,9,Champala
2025-07-08 14:09:44,187,tie_silencer,resistance,6,6,3,4,Troiken
2025-07-08 14:09:43,188,at-st,resistance,7,9,6,4,Eriadu
2025-07-08 14:09:42,189,unknown,empire,1,9,6,5,Naboo
2025-07-08 14:09:41,190,x-wing,resistance,4,10,6,3,Rodia
2025-07-08 14:09:40,191,at-st,empire,4,1,8,1,Stewjon
2025-07-08 14:09:39,192,tie_silencer,resistance,7,6,3,2,Rodia
2025-07-08 14:09:38,193,resistance_soldier,resistance,6,6,2,1,Bestine IV
2025-07-08 14:09:37,194,tie_fighter,empire,9,9,1,8,Serenno
2025-07-08 14:09:36,195,at-st,resistance,10,7,8,3,Serenno
2025-07-08 14:09:35,196,unknown,resistance,4,7,7,5,Haruun Kal
2025-07-08 14:09:34,197,stormtrooper,empire,9,3,1,1,Stewjon
2025-07-08 14:09:33,198,tie_fighter,empire,3,1,5,2,Corellia
2025-07-08 14:09:32,199,stormtrooper,resistance,4,10,6,6,Chandrila
2025-07-08 14:09:31,200,unknown,empire,9,1,7,2,Shili
2025-07-08 14:09:30,201,x-wing,empire,3,2,3,7,Serenno
2025-07-08 14:09:29,202,tie_fighter,empire,8,9,5,3,Troiken
2025-07-08 14:09:28,203,resistance_soldier,empire,3,6,6,7,Dorin
2025-07-08 14:09:27,204,x-wing,empire,10,3,5,3,Stewjon
2025-07-08 14:09:26,205,x-wing,resistance,9,4,6,3,Ryloth
2025-07-08 14:09:25,206,x-wing,empire,6,9,6,2,Glee Anselm
2025-07-08 14:09:24,207,tie_fighter,resistance,4,2,1,2,Dorin
2025-07-08 14:09:23,208,unknown,empire,8,9,10,2,Trandosha
2025-07-08 14:09:22,209,resistance_soldier,empire,7,5,4,7,Tatooine
2025-07-08 14:09:21,210,tie_silencer,empire,1,9,2,5,Dorin
2025-07-08 14:09:20,211,at-st,empire,4,8,2,1,Quermia
2025-07-08 14:09:19,212,unknown,resistance,2,1,6,10,Ryloth
2025-07-08 14:09:18,213,x-wing,empire,4,10,3,5,Tholoth
2025-07-08 14:09:17,214,x-wing,resistance,1,3,2,2,Naboo
2025-07-08 14:09:16,215,tie_fighter,empire,2,8,10,2,Quermia
2025-07-08 14:09:15,216,unknown,empire,3,7,7,1,Haruun Kal
2025-07-08 14:09:14,217,unknown,empire,6,1,3,8,Dagobah
2025-07-08 14:09:13,218,x-wing,empire,3,9,5,5,Skako
2025-07-08 14:09:12,219,stormtrooper,resistance,10,6,10,4,Glee Anselm
2025-07-08 14:09:11,220,unknown,resistance,2,4,9,2,Concord Dawn
2025-07-08 14:09:10,221,tie_fighter,empire,8,1,1,3,Dagobah
2025-07-08 14:09:09,222,resistance_soldier,resistance,8,5,10,9,Dagobah
2025-07-08 14:09:08,223,tie_silencer,empire,4,10,7,6,Ojom
2025-07-08 14:09:07,224,tie_silencer,resistance,1,9,10,8,Rodia
2025-07-08 14:09:06,225,tie_fighter,resistance,6,2,5,10,Chandrila
2025-07-08 14:09:05,226,at-st,resistance,5,4,2,2,Tatooine
2025-07-08 14:09:04,227,stormtrooper,resistance,1,9,1,7,Kalee
2025-07-08 14:09:03,228,at-at,empire,3,10,2,6,Skako
2025-07-08 14:09:02,229,at-st,resistance,3,7,3,2,Sullust
2025-07-08 14:09:01,230,at-st,empire,4,9,7,1,Mirial
2025-07-08 14:09:00,231,stormtrooper,resistance,4,6,1,8,Naboo
2025-07-08 14:08:59,232,at-at,empire,1,4,8,3,Eriadu
2025-07-08 14:08:58,233,tie_fighter,resistance,1,4,8,1,Trandosha
2025-07-08 14:08:57,234,x-wing,resistance,7,9,10,6,Kashyyyk
2025-07-08 14:08:56,235,tie_fighter,resistance,4,10,7,5,Vulpter
2025-07-08 14:08:55,236,at-st,resistance,10,8,8,5,Umbara
2025-07-08 14:08:54,237,unknown,empire,4,7,3,9,Kalee
2025-07-08 14:08:53,238,stormtrooper,resistance,4,6,2,2,Kalee
2025-07-08 14:08:52,239,resistance_soldier,empire,9,8,8,8,Tund
2025-07-08 14:08:51,240,tie_silencer,empire,6,9,1,6,Dagobah
2025-07-08 14:08:50,241,at-st,resistance,5,8,8,5,Concord Dawn
2025-07-08 14:08:49,242,tie_silencer,empire,1,1,5,4,Tatooine
2025-07-08 14:08:48,243,resistance_soldier,resistance,10,2,4,3,Tatooine
2025-07-08 14:08:47,244,tie_fighter,resistance,9,6,6,2,Tholoth
2025-07-08 14:08:46,245,at-st,empire,4,7,5,3,Eriadu
2025-07-08 14:08:45,246,resistance_soldier,resistance,9,9,8,6,Troiken
2025-07-08 14:08:44,247,at-at,empire,8,9,5,7,Concord Dawn
2025-07-08 14:08:43,248,tie_fighter,resistance,10,7,8,6,Zolan
2025-07-08 14:08:42,249,unknown,resistance,2,9,1,2,Ojom
2025-07-08 14:08:41,250,x-wing,resistance,5,6,4,4,Ojom
2025-07-08 14:08:40,251,stormtrooper,empire,2,9,1,1,Dorin
2025-07-08 14:08:39,252,x-wing,empire,6,9,5,7,Dorin
2025-07-08 14:08:38,253,stormtrooper,empire,4,10,5,5,Cerea
2025-07-08 14:08:37,254,stormtrooper,empire,7,10,5,9,Dorin
2025-07-08 14:08:36,255,tie_fighter,empire,3,8,7,8,Skako
2025-07-08 14:08:35,256,tie_silencer,empire,3,2,6,7,Iridonia
2025-07-08 14:08:34,257,at-at,empire,3,5,8,9,Dathomir
2025-07-08 14:08:33,258,tie_silencer,resistance,3,10,7,7,Mon Cala
2025-07-08 14:08:32,259,unknown,resistance,1,4,1,10,Rodia
2025-07-08 14:08:31,260,x-wing,resistance,9,3,4,5,Sullust
2025-07-08 14:08:30,261,x-wing,empire,4,7,3,8,Muunilinst
2025-07-08 14:08:29,262,tie_fighter,resistance,1,6,2,10,Haruun Kal
2025-07-08 14:08:28,263,resistance_soldier,empire,3,4,3,6,Dagobah
2025-07-08 14:08:27,264,x-wing,empire,5,2,6,3,Dagobah
2025-07-08 14:08:26,265,at-st,resistance,6,8,2,4,Dathomir
2025-07-08 14:08:25,266,at-st,resistance,1,9,2,9,Troiken
2025-07-08 14:08:24,267,tie_silencer,empire,3,1,2,2,Troiken
2025-07-08 14:08:23,268,resistance_soldier,resistance,7,9,7,7,Dorin
2025-07-08 14:08:22,269,tie_fighter,empire,2,1,4,7,Aleen Minor
2025-07-08 14:08:21,270,at-st,empire,6,8,2,4,Tholoth
2025-07-08 14:08:20,271,tie_silencer,resistance,3,7,5,10,Iktotch
2025-07-08 14:08:19,272,at-st,empire,3,1,9,10,Stewjon
2025-07-08 14:08:18,273,at-at,resistance,7,4,9,1,Dathomir
2025-07-08 14:08:17,274,at-st,resistance,5,4,2,6,Bestine IV
2025-07-08 14:08:16,275,at-st,empire,9,8,8,9,Chandrila
2025-07-08 14:08:15,276,stormtrooper,resistance,7,1,7,8,Kashyyyk
2025-07-08 14:08:14,277,tie_silencer,resistance,1,8,4,1,Haruun Kal
2025-07-08 14:08:13,278,x-wing,empire,4,1,6,3,Dathomir
2025-07-08 14:08:12,279,at-st,resistance,4,5,6,5,Haruun Kal
2025-07-08 14:08:11,280,resistance_soldier,resistance,7,6,5,10,Iridonia
2025-07-08 14:08:10,281,resistance_soldier,empire,9,8,7,2,Cerea
2025-07-08 14:08:09,282,tie_silencer,empire,7,3,5,1,Kalee
2025-07-08 14:08:08,283,resistance_soldier,empire,8,8,7,9,Umbara
2025-07-08 14:08:07,284,tie_silencer,empire,10,9,3,2,Umbara
2025-07-08 14:08:06,285,unknown,empire,5,4,8,4,Muunilinst
2025-07-08 14:08:05,286,at-at,resistance,7,1,6,4,Rodia
2025-07-08 14:08:04,287,stormtrooper,resistance,3,5,7,8,Sullust
2025-07-08 14:08:03,288,x-wing,empire,3,5,2,1,Eriadu
2025-07-08 14:08:02,289,at-st,empire,10,5,1,9,Concord Dawn
2025-07-08 14:08:01,290,resistance_soldier,empire,5,4,6,8,Chandrila
2025-07-08 14:08:00,291,x-wing,resistance,10,8,9,5,Kashyyyk
2025-07-08 14:07:59,292,x-wing,empire,6,1,9,5,Dagobah
2025-07-08 14:07:58,293,tie_fighter,resistance,8,10,4,3,Alderaan
2025-07-08 14:07:57,294,tie_silencer,empire,6,9,3,5,Umbara
2025-07-08 14:07:56,295,tie_silencer,resistance,3,9,7,6,Mon Cala
2025-07-08 14:07:55,296,resistance_soldier,resistance,5,5,10,4,Cerea
2025-07-08 14:07:54,297,at-at,empire,10,3,6,4,Zolan
2025-07-08 14:07:53,298,tie_fighter,empire,9,8,6,3,Serenno
2025-07-08 14:07:52,299,at-st,resistance,7,9,4,2,Vulpter
2025-07-08 14:07:51,300,unknown,resistance,1,7,3,5,Trandosha
2025-07-08 14:07:50,301,resistance_soldier,empire,4,3,6,5,Naboo
2025-07-08 14:07:49,302,x-wing,empire,6,8,6,4,Tatooine
2025-07-08 14:07:48,303,at-st,empire,1,2,6,6,Haruun Kal
2025-07-08 14:07:47,304,stormtrooper,empire,10,10,4,5,Corellia
2025-07-08 14:07:46,305,resistance_soldier,resistance,8,2,6,5,Concord Dawn
2025-07-08 14:07:45,306,stormtrooper,resistance,5,10,1,9,Bestine IV
2025-07-08 14:07:44,307,x-wing,resistance,2,5,2,4,Tholoth
2025-07-08 14:07:43,308,unknown,resistance,7,9,2,2,Troiken
2025-07-08 14:07:42,309,unknown,empire,8,1,5,3,Ryloth
2025-07-08 14:07:41,310,tie_fighter,resistance,1,3,1,2,Dathomir
2025-07-08 14:07:40,311,unknown,resistance,6,5,9,1,Concord Dawn
2025-07-08 14:07:39,312,stormtrooper,resistance,2,2,6,5,Chandrila
2025-07-08 14:07:38,313,stormtrooper,empire,2,4,7,6,Glee Anselm
2025-07-08 14:07:37,314,at-at,resistance,7,8,6,7,Tatooine
2025-07-08 14:07:36,315,at-at,empire,6,9,1,9,Dorin
2025-07-08 14:07:35,316,at-st,empire,8,5,10,4,Toydaria
2025-07-08 14:07:34,317,resistance_soldier,resistance,2,3,7,3,Alderaan
2025-07-08 14:07:33,318,x-wing,resistance,1,9,2,3,Kashyyyk
2025-07-08 14:07:32,319,x-wing,resistance,7,4,9,2,Iktotch
2025-07-08 14:07:31,320,stormtrooper,empire,5,6,8,3,Kalee
2025-07-08 14:07:30,321,at-st,resistance,2,3,4,6,Champala
2025-07-08 14:07:29,322,tie_silencer,empire,9,5,8,5,Umbara
2025-07-08 14:07:28,323,resistance_soldier,empire,3,6,8,4,Tund
2025-07-08 14:07:27,324,x-wing,resistance,4,3,8,3,Mirial
2025-07-08 14:07:26,325,tie_silencer,empire,3,10,10,3,Iridonia
2025-07-08 14:07:25,326,at-at,empire,4,1,10,1,Ojom
2025-07-08 14:07:24,327,stormtrooper,empire,4,1,7,8,Quermia
2025-07-08 14:07:23,328,resistance_soldier,empire,5,2,1,10,Champala
2025-07-08 14:07:22,329,at-st,empire,5,1,3,10,Umbara
2025-07-08 14:07:21,330,tie_fighter,empire,7,10,10,5,Toydaria
2025-07-08 14:07:20,331,x-wing,resistance,6,4,1,4,Malastare
2025-07-08 14:07:19,332,stormtrooper,empire,8,2,1,2,Skako
2025-07-08 14:07:18,333,tie_silencer,resistance,4,4,1,10,Mon Cala
2025-07-08 14:07:17,334,tie_silencer,empire,10,9,10,4,Stewjon
2025-07-08 14:07:16,335,at-at,resistance,10,2,8,5,Glee Anselm
2025-07-08 14:07:15,336,unknown,empire,4,5,7,5,Dathomir
2025-07-08 14:07:14,337,at-at,resistance,4,7,9,4,Quermia
2025-07-08 14:07:13,338,tie_fighter,resistance,5,8,4,9,Iktotch
2025-07-08 14:07:12,339,stormtrooper,resistance,7,10,7,7,Kashyyyk
2025-07-08 14:07:11,340,x-wing,resistance,4,8,3,3,Cerea
2025-07-08 14:07:10,341,tie_silencer,empire,8,2,7,2,Serenno
2025-07-08 14:07:09,342,x-wing,empire,8,1,4,6,Socorro
2025-07-08 14:07:08,343,resistance_soldier,resistance,8,9,7,7,Kashyyyk
2025-07-08 14:07:07,344,tie_fighter,empire,4,5,5,10,Malastare
2025-07-08 14:07:06,345,resistance_soldier,resistance,1,5,4,3,Skako
2025-07-08 14:07:05,346,at-at,empire,9,10,3,9,Concord Dawn
2025-07-08 14:07:04,347,unknown,empire,2,4,3,7,Sullust
2025-07-08 14:07:03,348,x-wing,empire,4,2,1,4,Tund
2025-07-08 14:07:02,349,unknown,empire,2,10,6,3,Dorin
2025-07-08 14:07:01,350,at-at,resistance,4,2,3,3,Malastare
2025-07-08 14:07:00,351,at-st,empire,6,1,7,6,Tatooine
2025-07-08 14:06:59,352,unknown,resistance,5,10,3,7,Skako
2025-07-08 14:06:58,353,x-wing,empire,4,2,1,10,Eriadu
2025-07-08 14:06:57,354,at-st,resistance,4,7,6,2,Cerea
2025-07-08 14:06:56,355,resistance_soldier,resistance,8,6,5,9,Shili
2025-07-08 14:06:55,356,tie_silencer,resistance,6,6,4,9,Mon Cala
2025-07-08 14:06:54,357,tie_silencer,empire,6,8,6,10,Skako
2025-07-08 14:06:53,358,stormtrooper,resistance,9,3,3,9,Tatooine
2025-07-08 14:06:52,359,at-st,empire,7,6,8,8,Rodia
2025-07-08 14:06:51,360,at-at,empire,8,10,4,1,Ojom
2025-07-08 14:06:50,361,at-at,resistance,7,1,3,1,Haruun Kal
2025-07-08 14:06:49,362,x-wing,empire,8,2,5,4,Quermia
2025-07-08 14:06:48,363,tie_silencer,empire,6,5,3,2,Toydaria
2025-07-08 14:06:47,364,at-st,empire,4,8,10,6,Muunilinst
2025-07-08 14:06:46,365,at-at,empire,4,6,1,10,Trandosha
2025-07-08 14:06:45,366,unknown,empire,1,1,2,6,Tatooine
2025-07-08 14:06:44,367,tie_fighter,resistance,10,1,6,1,Champala
2025-07-08 14:06:43,368,tie_silencer,resistance,2,1,3,8,Sullust
2025-07-08 14:06:42,369,tie_silencer,resistance,9,6,7,8,Dorin
2025-07-08 14:06:41,370,at-st,empire,10,5,10,8,Toydaria
2025-07-08 14:06:40,371,x-wing,resistance,8,6,4,9,Glee Anselm
2025-07-08 14:06:39,372,stormtrooper,empire,10,1,9,9,Cerea
2025-07-08 14:06:38,373,resistance_soldier,resistance,4,9,6,10,Umbara
2025-07-08 14:06:37,374,tie_fighter,empire,3,3,2,10,Haruun Kal
2025-07-08 14:06:36,375,resistance_soldier,resistance,7,7,10,9,Zolan
2025-07-08 14:06:35,376,tie_silencer,resistance,5,1,1,1,Haruun Kal
2025-07-08 14:06:34,377,at-at,empire,9,1,6,8,Ojom
2025-07-08 14:06:33,378,tie_fighter,resistance,3,2,5,9,Haruun Kal
2025-07-08 14:06:32,379,x-wing,empire,7,6,2,7,Eriadu
2025-07-08 14:06:31,380,resistance_soldier,resistance,9,4,10,3,Ryloth
2025-07-08 14:06:30,381,tie_silencer,resistance,4,4,2,3,Dathomir
2025-07-08 14:06:29,382,unknown,empire,3,8,4,2,Rodia
2025-07-08 14:06:28,383,at-at,resistance,10,9,9,7,Mirial
2025-07-08 14:06:27,384,stormtrooper,empire,8,8,9,4,Serenno
2025-07-08 14:06:26,385,resistance_soldier,resistance,1,8,7,9,Bestine IV
2025-07-08 14:06:25,386,x-wing,resistance,6,6,6,5,Vulpter
2025-07-08 14:06:24,387,tie_fighter,resistance,6,5,7,9,Umbara
2025-07-08 14:06:23,388,x-wing,empire,1,7,6,8,Dagobah
2025-07-08 14:06:22,389,at-at,resistance,4,2,3,8,Alderaan
2025-07-08 14:06:21,390,at-at,resistance,5,8,5,2,Mirial
2025-07-08 14:06:20,391,tie_silencer,resistance,4,9,9,6,Ojom
2025-07-08 14:06:19,392,at-st,empire,9,6,10,9,Ojom
2025-07-08 14:06:18,393,unknown,empire,7,1,6,6,Skako
2025-07-08 14:06:17,394,at-at,resistance,10,8,5,7,Chandrila
2025-07-08 14:06:16,395,stormtrooper,empire,2,1,1,5,Corellia
2025-07-08 14:06:15,396,tie_fighter,empire,6,9,5,10,Zolan
2025-07-08 14:06:14,397,at-at,resistance,1,8,9,5,Mon Cala
2025-07-08 14:06:13,398,x-wing,empire,6,8,6,4,Umbara
2025-07-08 14:06:12,399,x-wing,resistance,7,4,7,6,Zolan
2025-07-08 14:06:11,400,x-wing,empire,5,7,2,7,Malastare
2025-07-08 14:06:10,401,tie_fighter,resistance,10,10,2,3,Ryloth
2025-07-08 14:06:09,402,at-st,empire,8,8,9,6,Muunilinst
2025-07-08 14:06:08,403,tie_silencer,empire,2,3,2,5,Shili
2025-07-08 14:06:07,404,at-st,resistance,5,6,7,2,Malastare
2025-07-08 14:06:06,405,stormtrooper,resistance,8,5,7,6,Mirial
2025-07-08 14:06:05,406,tie_fighter,resistance,8,1,9,1,Umbara
2025-07-08 14:06:04,407,tie_silencer,empire,5,6,8,8,Dagobah
2025-07-08 14:06:03,408,unknown,empire,7,2,1,5,Kashyyyk
2025-07-08 14:06:02,409,x-wing,empire,5,3,4,9,Stewjon
2025-07-08 14:06:01,410,at-st,resistance,10,1,8,2,Chandrila
2025-07-08 14:06:00,411,at-at,empire,5,7,4,4,Muunilinst
2025-07-08 14:05:59,412,tie_fighter,resistance,4,4,8,10,Sullust
2025-07-08 14:05:58,413,tie_silencer,resistance,10,9,5,4,Dathomir
2025-07-08 14:05:57,414,resistance_soldier,empire,9,5,7,3,Dagobah
2025-07-08 14:05:56,415,resistance_soldier,resistance,10,7,6,2,Kalee
2025-07-08 14:05:55,416,tie_silencer,resistance,5,8,9,3,Toydaria
2025-07-08 14:05:54,417,tie_fighter,empire,10,6,8,1,Stewjon
2025-07-08 14:05:53,418,x-wing,resistance,8,10,7,5,Toydaria
2025-07-08 14:05:52,419,stormtrooper,empire,6,6,1,6,Bestine IV
2025-07-08 14:05:51,420,at-st,resistance,5,3,2,8,Ojom
2025-07-08 14:05:50,421,tie_silencer,empire,5,4,3,2,Corellia
2025-07-08 14:05:49,422,stormtrooper,resistance,10,9,5,2,Tatooine
2025-07-08 14:05:48,423,tie_silencer,empire,4,3,2,6,Concord Dawn
2025-07-08 14:05:47,424,tie_fighter,empire,9,5,1,5,Corellia
2025-07-08 14:05:46,425,tie_silencer,empire,10,10,9,6,Mirial
2025-07-08 14:05:45,426,unknown,resistance,2,7,5,7,Glee Anselm
2025-07-08 14:05:44,427,x-wing,resistance,4,3,2,1,Shili
2025-07-08 14:05:43,428,resistance_soldier,empire,8,9,2,9,Aleen Minor
2025-07-08 14:05:42,429,at-at,resistance,10,2,9,4,Troiken
2025-07-08 14:05:41,430,tie_fighter,empire,2,10,3,6,Rodia
2025-07-08 14:05:40,431,at-at,empire,1,7,3,4,Toydaria
2025-07-08 14:05:39,432,at-at,empire,3,10,3,9,Toydaria
2025-07-08 14:05:38,433,resistance_soldier,resistance,5,4,3,1,Ryloth
2025-07-08 14:05:37,434,resistance_soldier,empire,10,1,2,8,Skako
2025-07-08 14:05:36,435,tie_fighter,empire,3,6,5,9,Dagobah
2025-07-08 14:05:35,436,tie_fighter,empire,2,2,6,1,Skako
2025-07-08 14:05:34,437,at-at,resistance,7,5,9,6,Alderaan
2025-07-08 14:05:33,438,stormtrooper,empire,7,2,5,6,Stewjon
2025-07-08 14:05:32,439,at-at,resistance,4,9,2,4,Ojom
2025-07-08 14:05:31,440,unknown,resistance,3,4,3,8,Socorro
2025-07-08 14:05:30,441,at-at,empire,3,2,9,4,Quermia
2025-07-08 14:05:29,442,resistance_soldier,empire,8,10,1,6,Tund
2025-07-08 14:05:28,443,tie_silencer,empire,8,7,7,2,Muunilinst
2025-07-08 14:05:27,444,resistance_soldier,empire,7,3,8,10,Quermia
2025-07-08 14:05:26,445,tie_silencer,resistance,8,9,4,3,Tatooine
2025-07-08 14:05:25,446,x-wing,resistance,2,5,7,9,Dathomir
2025-07-08 14:05:24,447,tie_fighter,resistance,2,8,9,1,Corellia
2025-07-08 14:05:23,448,unknown,empire,3,2,3,3,Tholoth
2025-07-08 14:05:22,449,x-wing,resistance,4,2,3,7,Kashyyyk
2025-07-08 14:05:21,450,x-wing,empire,6,6,1,8,Cerea
2025-07-08 14:05:20,451,unknown,empire,2,7,4,3,Stewjon
2025-07-08 14:05:19,452,unknown,resistance,8,10,8,5,Kalee
2025-07-08 14:05:18,453,tie_fighter,resistance,8,8,7,6,Socorro
2025-07-08 14:05:17,454,tie_fighter,resistance,2,7,2,3,Socorro
2025-07-08 14:05:16,455,tie_silencer,empire,8,4,3,2,Corellia
2025-07-08 14:05:15,456,tie_silencer,resistance,7,10,6,7,Ryloth
2025-07-08 14:05:14,457,unknown,resistance,7,9,5,3,Dathomir
2025-07-08 14:05:13,458,at-st,resistance,8,1,7,6,Sullust
2025-07-08 14:05:12,459,tie_silencer,empire,6,4,3,2,Chandrila
2025-07-08 14:05:11,460,unknown,empire,5,10,5,5,Kashyyyk
2025-07-08 14:05:10,461,x-wing,empire,3,6,1,2,Muunilinst
2025-07-08 14:05:09,462,resistance_soldier,resistance,9,7,8,8,Kashyyyk
2025-07-08 14:05:08,463,at-at,empire,7,7,7,10,Tatooine
2025-07-08 14:05:07,464,unknown,empire,3,7,7,6,Quermia
2025-07-08 14:05:06,465,stormtrooper,resistance,3,1,5,4,Malastare
2025-07-08 14:05:05,466,tie_fighter,empire,4,8,5,2,Vulpter
2025-07-08 14:05:04,467,tie_fighter,empire,2,6,2,3,Muunilinst
2025-07-08 14:05:03,468,resistance_soldier,empire,7,8,3,7,Dorin
2025-07-08 14:05:02,469,resistance_soldier,resistance,10,9,6,9,Skako
2025-07-08 14:05:01,470,tie_fighter,empire,2,9,6,3,Malastare
2025-07-08 14:05:00,471,at-st,empire,7,9,9,5,Skako
2025-07-08 14:04:59,472,unknown,resistance,7,3,7,10,Dathomir
2025-07-08 14:04:58,473,at-at,resistance,6,2,8,9,Cerea
2025-07-08 14:04:57,474,x-wing,resistance,5,7,5,2,Umbara
2025-07-08 14:04:56,475,x-wing,empire,1,2,5,6,Vulpter
2025-07-08 14:04:55,476,at-at,resistance,7,5,6,3,Zolan
2025-07-08 14:04:54,477,resistance_soldier,resistance,1,6,4,3,Alderaan
2025-07-08 14:04:53,478,at-at,empire,7,10,4,8,Malastare
2025-07-08 14:04:52,479,tie_fighter,empire,9,8,4,3,Skako
2025-07-08 14:04:51,480,unknown,empire,8,8,7,6,Stewjon
2025-07-08 14:04:50,481,tie_silencer,empire,2,6,5,7,Aleen Minor
2025-07-08 14:04:49,482,tie_fighter,empire,9,7,4,3,Kalee
2025-07-08 14:04:48,483,stormtrooper,resistance,8,10,8,8,Dathomir
2025-07-08 14:04:47,484,unknown,resistance,9,4,9,4,Bestine IV
2025-07-08 14:04:46,485,resistance_soldier,resistance,6,3,2,10,Concord Dawn
2025-07-08 14:04:45,486,unknown,empire,3,5,10,10,Vulpter
2025-07-08 14:04:44,487,resistance_soldier,empire,8,7,1,2,Malastare
2025-07-08 14:04:43,488,tie_fighter,empire,2,5,5,6,Troiken
2025-07-08 14:04:42,489,stormtrooper,empire,4,6,2,9,Zolan
2025-07-08 14:04:41,490,at-st,empire,7,7,4,3,Corellia
2025-07-08 14:04:40,491,at-st,empire,3,6,8,10,Eriadu
2025-07-08 14:04:39,492,stormtrooper,empire,1,6,10,5,Kashyyyk
2025-07-08 14:04:38,493,at-at,resistance,7,8,1,1,Kalee
2025-07-08 14:04:37,494,unknown,empire,8,1,9,3,Socorro
2025-07-08 14:04:36,495,at-at,empire,6,6,7,3,Trandosha
2025-07-08 14:04:35,496,unknown,resistance,1,5,8,1,Ryloth
2025-07-08 14:04:34,497,tie_silencer,empire,9,5,1,1,Aleen Minor
2025-07-08 14:04:33,498,unknown,resistance,7,9,7,3,Glee Anselm
2025-07-08 14:04:32,499,at-st,empire,9,5,5,3,Tatooine
2025-07-08 14:04:31,500,at-at,empire,3,9,7,5,Iktotch
2025-07-08 14:04:30,501,unknown,empire,10,4,7,7,Cerea
2025-07-08 14:04:29,502,at-st,resistance,1,1,10,3,Sullust
2025-07-08 14:04:28,503,tie_silencer,resistance,3,8,7,6,Serenno
2025-07-08 14:04:27,504,stormtrooper,resistance,9,8,1,1,Champala
2025-07-08 14:04:26,505,at-at,empire,1,3,4,2,Toydaria
2025-07-08 14:04:25,506,at-st,empire,9,7,3,1,Eriadu
2025-07-08 14:04:24,507,tie_fighter,resistance,8,6,8,5,Shili
2025-07-08 14:04:23,508,tie_fighter,resistance,8,4,10,10,Vulpter
2025-07-08 14:04:22,509,tie_silencer,empire,3,1,8,7,Aleen Minor
2025-07-08 14:04:21,510,stormtrooper,empire,2,3,5,4,Serenno
2025-07-08 14:04:20,511,tie_fighter,resistance,9,9,5,1,Champala
2025-07-08 14:04:19,512,stormtrooper,resistance,7,8,9,8,Champala
2025-07-08 14:04:18,513,resistance_soldier,empire,8,6,5,8,Ryloth
2025-07-08 14:04:17,514,at-st,empire,4,8,1,4,Tholoth
2025-07-08 14:04:16,515,tie_silencer,empire,7,8,2,7,Muunilinst
2025-07-08 14:04:15,516,stormtrooper,resistance,1,7,1,7,Mirial
2025-07-08 14:04:14,517,at-at,resistance,4,9,2,7,Eriadu
2025-07-08 14:04:13,518,unknown,empire,8,6,10,6,Corellia
2025-07-08 14:04:12,519,resistance_soldier,empire,4,5,5,6,Naboo
2025-07-08 14:04:11,520,tie_silencer,empire,7,4,5,5,Stewjon
2025-07-08 14:04:10,521,x-wing,empire,6,7,10,5,Skako
2025-07-08 14:04:09,522,at-at,resistance,9,10,6,1,Shili
2025-07-08 14:04:08,523,stormtrooper,resistance,2,8,1,9,Troiken
2025-07-08 14:04:07,524,x-wing,resistance,4,1,4,4,Alderaan
2025-07-08 14:04:06,525,x-wing,resistance,6,2,10,4,Iridonia
2025-07-08 14:04:05,526,tie_fighter,empire,5,8,1,3,Glee Anselm
2025-07-08 14:04:04,527,resistance_soldier,resistance,5,3,4,10,Alderaan
2025-07-08 14:04:03,528,x-wing,empire,8,10,10,7,Serenno
2025-07-08 14:04:02,529,tie_silencer,empire,9,1,4,4,Iktotch
2025-07-08 14:04:01,530,unknown,resistance,1,9,7,5,Alderaan
2025-07-08 14:04:00,531,stormtrooper,resistance,5,3,7,3,Champala
2025-07-08 14:03:59,532,stormtrooper,empire,1,1,8,9,Serenno
2025-07-08 14:03:58,533,resistance_soldier,empire,3,6,4,2,Tatooine
2025-07-08 14:03:57,534,stormtrooper,resistance,1,5,8,1,Chandrila
2025-07-08 14:03:56,535,at-at,resistance,3,5,9,5,Ojom
2025-07-08 14:03:55,536,stormtrooper,resistance,10,1,4,1,Rodia
2025-07-08 14:03:54,537,stormtrooper,empire,8,7,3,6,Serenno
2025-07-08 14:03:53,538,stormtrooper,empire,1,6,2,4,Tholoth
2025-07-08 14:03:52,539,at-st,resistance,9,8,5,9,Sullust
2025-07-08 14:03:51,540,resistance_soldier,empire,9,10,6,4,Tatooine
2025-07-08 14:03:50,541,tie_fighter,resistance,7,5,8,4,Iktotch
2025-07-08 14:03:49,542,resistance_soldier,resistance,9,8,4,2,Kashyyyk
2025-07-08 14:03:48,543,stormtrooper,resistance,2,8,3,5,Shili
2025-07-08 14:03:47,544,at-at,empire,3,5,9,6,Bestine IV
2025-07-08 14:03:46,545,at-at,empire,6,9,5,2,Vulpter
2025-07-08 14:03:45,546,unknown,resistance,10,1,5,6,Zolan
2025-07-08 14:03:44,547,at-at,resistance,8,9,6,3,Alderaan
2025-07-08 14:03:43,548,tie_silencer,empire,9,1,1,10,Serenno
2025-07-08 14:03:42,549,at-st,empire,5,2,5,7,Haruun Kal
2025-07-08 14:03:41,550,unknown,resistance,3,10,5,4,Kashyyyk
2025-07-08 14:03:40,551,at-at,empire,10,2,7,5,Kashyyyk
2025-07-08 14:03:39,552,x-wing,resistance,8,1,6,8,Troiken
2025-07-08 14:03:38,553,tie_silencer,resistance,2,2,10,1,Eriadu
2025-07-08 14:03:37,554,unknown,resistance,8,5,10,2,Iktotch
2025-07-08 14:03:36,555,tie_silencer,empire,3,1,6,8,Stewjon
2025-07-08 14:03:35,556,tie_fighter,resistance,2,1,1,8,Iridonia
2025-07-08 14:03:34,557,at-st,empire,3,9,8,5,Iktotch
2025-07-08 14:03:33,558,at-at,empire,9,4,3,6,Naboo
2025-07-08 14:03:32,559,tie_silencer,empire,6,3,7,3,Toydaria
2025-07-08 14:03:31,560,at-st,empire,4,4,9,4,Chandrila
2025-07-08 14:03:30,561,stormtrooper,resistance,4,2,5,7,Tholoth
2025-07-08 14:03:29,562,x-wing,empire,7,4,10,9,Malastare
2025-07-08 14:03:28,563,stormtrooper,empire,5,5,7,8,Zolan
2025-07-08 14:03:27,564,tie_silencer,empire,8,9,5,4,Dorin
2025-07-08 14:03:26,565,at-at,empire,8,10,9,7,Naboo
2025-07-08 14:03:25,566,tie_fighter,resistance,2,1,2,3,Ryloth
2025-07-08 14:03:24,567,tie_silencer,resistance,2,4,10,4,Zolan
2025-07-08 14:03:23,568,at-st,resistance,3,8,7,3,Socorro
2025-07-08 14:03:22,569,at-st,empire,3,4,9,5,Dorin
2025-07-08 14:03:21,570,stormtrooper,resistance,4,6,7,3,Shili
2025-07-08 14:03:20,571,tie_silencer,resistance,9,9,3,1,Eriadu
2025-07-08 14:03:19,572,x-wing,resistance,4,1,1,10,Troiken
2025-07-08 14:03:18,573,at-st,empire,9,2,10,6,Dagobah
2025-07-08 14:03:17,574,resistance_soldier,resistance,7,3,10,6,Dorin
2025-07-08 14:03:16,575,at-st,resistance,10,8,4,3,Mon Cala
2025-07-08 14:03:15,576,at-at,resistance,10,3,6,10,Quermia
2025-07-08 14:03:14,577,at-st,resistance,9,9,1,3,Dorin
2025-07-08 14:03:13,578,at-st,resistance,7,6,10,4,Ryloth
2025-07-08 14:03:12,579,resistance_soldier,empire,8,5,10,9,Haruun Kal
2025-07-08 14:03:11,580,resistance_soldier,empire,1,8,6,4,Trandosha
2025-07-08 14:03:10,581,unknown,empire,8,7,3,1,Quermia
2025-07-08 14:03:09,582,at-at,resistance,4,8,7,7,Dorin
2025-07-08 14:03:08,583,x-wing,resistance,10,5,4,8,Alderaan
2025-07-08 14:03:07,584,tie_fighter,resistance,2,8,1,6,Iridonia
2025-07-08 14:03:06,585,unknown,resistance,8,4,4,9,Zolan
2025-07-08 14:03:05,586,tie_fighter,empire,8,7,10,8,Trandosha
2025-07-08 14:03:04,587,unknown,resistance,1,7,3,3,Dorin
2025-07-08 14:03:03,588,at-st,empire,5,5,7,3,Champala
2025-07-08 14:03:02,589,tie_silencer,resistance,2,10,6,3,Tatooine
2025-07-08 14:03:01,590,tie_fighter,empire,3,5,8,10,Champala
2025-07-08 14:03:00,591,at-at,resistance,2,7,10,3,Troiken
2025-07-08 14:02:59,592,x-wing,empire,1,6,9,1,Naboo
2025-07-08 14:02:58,593,at-st,empire,8,4,9,4,Eriadu
2025-07-08 14:02:57,594,unknown,resistance,7,7,2,8,Eriadu
2025-07-08 14:02:56,595,x-wing,empire,1,8,2,6,Trandosha
2025-07-08 14:02:55,596,at-at,empire,4,4,7,8,Ojom
2025-07-08 14:02:54,597,at-st,resistance,10,2,6,9,Kashyyyk
2025-07-08 14:02:53,598,tie_silencer,resistance,3,7,1,5,Ojom
2025-07-08 14:02:52,599,x-wing,empire,5,6,6,3,Cerea
2025-07-08 14:02:51,600,tie_fighter,resistance,8,5,6,4,Chandrila
2025-07-08 14:02:50,601,unknown,resistance,1,2,7,4,Tholoth
2025-07-08 14:02:49,602,stormtrooper,empire,9,4,5,5,Tatooine
2025-07-08 14:02:48,603,tie_silencer,empire,3,8,4,3,Toydaria
2025-07-08 14:02:47,604,unknown,resistance,2,8,8,2,Champala
2025-07-08 14:02:46,605,stormtrooper,empire,4,6,8,3,Corellia
2025-07-08 14:02:45,606,x-wing,resistance,1,1,8,8,Dorin
2025-07-08 14:02:44,607,resistance_soldier,resistance,3,10,1,7,Bestine IV
2025-07-08 14:02:43,608,tie_fighter,empire,8,7,5,2,Corellia
2025-07-08 14:02:42,609,tie_silencer,empire,2,8,1,1,Trandosha
2025-07-08 14:02:41,610,at-at,empire,8,5,3,7,Tund
2025-07-08 14:02:40,611,at-st,empire,5,4,6,8,Serenno
2025-07-08 14:02:39,612,x-wing,empire,8,8,4,8,Aleen Minor
2025-07-08 14:02:38,613,at-st,resistance,4,8,8,4,Rodia
2025-07-08 14:02:37,614,stormtrooper,resistance,10,5,10,2,Chandrila
2025-07-08 14:02:36,615,stormtrooper,empire,7,10,1,9,Stewjon
2025-07-08 14:02:35,616,unknown,resistance,8,4,8,10,Dathomir
2025-07-08 14:02:34,617,x-wing,empire,3,1,6,8,Naboo
2025-07-08 14:02:33,618,tie_silencer,resistance,9,1,8,10,Kashyyyk
2025-07-08 14:02:32,619,tie_silencer,empire,9,10,7,10,Muunilinst
2025-07-08 14:02:31,620,at-at,empire,6,3,1,5,Stewjon
2025-07-08 14:02:30,621,at-st,resistance,3,5,8,4,Trandosha
2025-07-08 14:02:29,622,at-at,empire,2,5,4,1,Cerea
2025-07-08 14:02:28,623,resistance_soldier,resistance,10,6,5,6,Vulpter
2025-07-08 14:02:27,624,stormtrooper,empire,9,3,9,10,Aleen Minor
2025-07-08 14:02:26,625,stormtrooper,empire,4,8,10,9,Dorin
2025-07-08 14:02:25,626,at-st,resistance,4,8,1,8,Eriadu
2025-07-08 14:02:24,627,resistance_soldier,empire,7,8,3,7,Haruun Kal
2025-07-08 14:02:23,628,resistance_soldier,resistance,1,9,5,10,Toydaria
2025-07-08 14:02:22,629,unknown,resistance,1,6,10,1,Zolan
2025-07-08 14:02:21,630,x-wing,empire,7,10,4,4,Dagobah
2025-07-08 14:02:20,631,resistance_soldier,empire,1,10,6,4,Haruun Kal
2025-07-08 14:02:19,632,at-st,empire,1,2,8,4,Malastare
2025-07-08 14:02:18,633,tie_fighter,empire,3,7,10,1,Champala
2025-07-08 14:02:17,634,resistance_soldier,resistance,5,9,3,1,Kashyyyk
2025-07-08 14:02:16,635,resistance_soldier,resistance,10,2,9,9,Ojom
2025-07-08 14:02:15,636,tie_fighter,empire,1,4,2,8,Dorin
2025-07-08 14:02:14,637,at-at,empire,3,2,7,3,Skako
2025-07-08 14:02:13,638,tie_silencer,empire,7,5,10,5,Skako
2025-07-08 14:02:12,639,x-wing,resistance,4,5,10,10,Mon Cala
2025-07-08 14:02:11,640,stormtrooper,empire,4,5,10,8,Dorin
2025-07-08 14:02:10,641,tie_silencer,empire,10,5,3,10,Concord Dawn
2025-07-08 14:02:09,642,at-at,empire,3,4,2,5,Dagobah
2025-07-08 14:02:08,643,tie_fighter,resistance,3,2,7,2,Kalee
2025-07-08 14:02:07,644,at-at,empire,1,7,10,10,Stewjon
2025-07-08 14:02:06,645,tie_silencer,resistance,7,8,3,6,Bestine IV
2025-07-08 14:02:05,646,unknown,empire,3,4,8,8,Dagobah
2025-07-08 14:02:04,647,tie_fighter,empire,9,10,1,4,Haruun Kal
2025-07-08 14:02:03,648,stormtrooper,resistance,2,7,5,7,Chandrila
2025-07-08 14:02:02,649,tie_fighter,resistance,7,6,6,6,Iridonia
2025-07-08 14:02:01,650,stormtrooper,empire,10,4,9,3,Champala
2025-07-08 14:02:00,651,at-at,resistance,8,10,4,2,Ojom
2025-07-08 14:01:59,652,x-wing,empire,6,6,8,3,Serenno
2025-07-08 14:01:58,653,at-st,empire,6,8,6,8,Trandosha
2025-07-08 14:01:57,654,at-at,resistance,2,5,7,6,Kashyyyk
2025-07-08 14:01:56,655,tie_fighter,empire,4,7,4,9,Concord Dawn
2025-07-08 14:01:55,656,at-at,resistance,2,9,6,6,Muunilinst
2025-07-08 14:01:54,657,unknown,resistance,1,3,7,2,Iridonia
2025-07-08 14:01:53,658,unknown,empire,2,7,5,8,Tholoth
2025-07-08 14:01:52,659,at-st,resistance,6,1,10,1,Troiken
2025-07-08 14:01:51,660,resistance_soldier,empire,6,9,9,3,Stewjon
2025-07-08 14:01:50,661,unknown,empire,4,2,3,1,Haruun Kal
2025-07-08 14:01:49,662,unknown,empire,6,3,1,4,Champala
2025-07-08 14:01:48,663,stormtrooper,resistance,2,8,8,1,Vulpter
2025-07-08 14:01:47,664,tie_silencer,resistance,8,6,4,7,Kalee
2025-07-08 14:01:46,665,at-st,resistance,2,3,5,8,Rodia
2025-07-08 14:01:45,666,at-st,resistance,5,5,1,10,Alderaan
2025-07-08 14:01:44,667,resistance_soldier,empire,4,3,8,1,Eriadu
2025-07-08 14:01:43,668,at-st,empire,6,5,1,9,Troiken
2025-07-08 14:01:42,669,unknown,empire,2,4,7,9,Rodia
2025-07-08 14:01:41,670,stormtrooper,resistance,3,3,1,3,Troiken
2025-07-08 14:01:40,671,unknown,resistance,6,10,1,8,Kalee
2025-07-08 14:01:39,672,stormtrooper,resistance,2,5,8,10,Dathomir
2025-07-08 14:01:38,673,tie_silencer,resistance,10,7,5,10,Ryloth
2025-07-08 14:01:37,674,unknown,empire,9,8,9,10,Serenno
2025-07-08 14:01:36,675,unknown,resistance,8,1,6,9,Mon Cala
2025-07-08 14:01:35,676,at-st,resistance,10,3,4,5,Corellia
2025-07-08 14:01:34,677,at-st,empire,7,2,4,4,Zolan
2025-07-08 14:01:33,678,tie_silencer,empire,1,4,2,6,Serenno
2025-07-08 14:01:32,679,at-st,resistance,6,1,5,4,Zolan
2025-07-08 14:01:31,680,at-at,empire,3,9,10,6,Champala
2025-07-08 14:01:30,681,x-wing,resistance,9,8,2,10,Kalee
2025-07-08 14:01:29,682,tie_silencer,resistance,7,1,6,4,Mirial
2025-07-08 14:01:28,683,resistance_soldier,resistance,1,3,7,7,Aleen Minor
2025-07-08 14:01:27,684,at-at,empire,9,6,6,10,Dagobah
2025-07-08 14:01:26,685,x-wing,empire,1,9,7,7,Zolan
2025-07-08 14:01:25,686,x-wing,resistance,2,8,4,5,Alderaan
2025-07-08 14:01:24,687,tie_silencer,empire,8,2,5,3,Ojom
2025-07-08 14:01:23,688,tie_silencer,empire,7,5,8,2,Umbara
2025-07-08 14:01:22,689,unknown,resistance,9,7,10,3,Naboo
2025-07-08 14:01:21,690,resistance_soldier,resistance,1,7,1,3,Sullust
2025-07-08 14:01:20,691,tie_fighter,empire,9,5,9,1,Toydaria
2025-07-08 14:01:19,692,tie_silencer,empire,9,9,1,1,Troiken
2025-07-08 14:01:18,693,x-wing,resistance,10,1,2,4,Chandrila
2025-07-08 14:01:17,694,tie_fighter,empire,1,8,4,2,Haruun Kal
2025-07-08 14:01:16,695,tie_silencer,empire,6,1,1,10,Haruun Kal
2025-07-08 14:01:15,696,resistance_soldier,empire,7,1,9,9,Corellia
2025-07-08 14:01:14,697,tie_fighter,resistance,4,10,2,9,Zolan
2025-07-08 14:01:13,698,unknown,resistance,9,4,8,6,Dorin
2025-07-08 14:01:12,699,tie_silencer,empire,7,1,9,1,Stewjon
2025-07-08 14:01:11,700,at-at,empire,1,3,7,7,Vulpter
2025-07-08 14:01:10,701,unknown,empire,9,9,8,7,Tholoth
2025-07-08 14:01:09,702,resistance_soldier,resistance,5,9,10,4,Dathomir
2025-07-08 14:01:08,703,at-st,resistance,5,2,1,2,Socorro
2025-07-08 14:01:07,704,stormtrooper,empire,5,5,5,6,Vulpter
2025-07-08 14:01:06,705,at-at,resistance,8,2,5,8,Sullust
2025-07-08 14:01:05,706,at-st,empire,7,8,8,8,Tatooine
2025-07-08 14:01:04,707,tie_fighter,empire,2,6,8,6,Vulpter
2025-07-08 14:01:03,708,stormtrooper,empire,4,2,6,8,Stewjon
2025-07-08 14:01:02,709,at-st,resistance,4,7,1,1,Ryloth
2025-07-08 14:01:01,710,unknown,empire,5,5,4,7,Skako
2025-07-08 14:01:00,711,unknown,resistance,8,1,2,3,Dathomir
2025-07-08 14:00:59,712,tie_silencer,resistance,5,4,3,3,Cerea
2025-07-08 14:00:58,713,resistance_soldier,empire,5,8,9,2,Corellia
2025-07-08 14:00:57,714,x-wing,resistance,6,6,8,3,Naboo
2025-07-08 14:00:56,715,unknown,resistance,8,1,2,10,Dorin
2025-07-08 14:00:55,716,at-at,resistance,8,5,1,8,Dathomir
2025-07-08 14:00:54,717,resistance_soldier,empire,10,3,3,7,Tatooine
2025-07-08 14:00:53,718,at-st,empire,9,1,5,6,Stewjon
2025-07-08 14:00:52,719,resistance_soldier,empire,8,10,6,8,Aleen Minor
2025-07-08 14:00:51,720,stormtrooper,resistance,2,4,7,8,Serenno
2025-07-08 14:00:50,721,at-st,empire,3,7,7,1,Zolan
2025-07-08 14:00:49,722,at-st,resistance,6,8,8,8,Shili
2025-07-08 14:00:48,723,tie_fighter,empire,1,2,8,6,Socorro
2025-07-08 14:00:47,724,resistance_soldier,resistance,7,6,2,3,Bestine IV
2025-07-08 14:00:46,725,at-at,resistance,6,7,3,10,Cerea
2025-07-08 14:00:45,726,at-at,empire,3,1,9,10,Toydaria
2025-07-08 14:00:44,727,x-wing,empire,2,8,4,5,Champala
2025-07-08 14:00:43,728,resistance_soldier,resistance,10,6,2,1,Kashyyyk
2025-07-08 14:00:42,729,tie_silencer,resistance,1,1,3,3,Mirial
2025-07-08 14:00:41,730,x-wing,empire,2,5,5,5,Tund
2025-07-08 14:00:40,731,at-at,empire,2,10,9,10,Corellia
2025-07-08 14:00:39,732,at-at,resistance,7,4,6,9,Kashyyyk
2025-07-08 14:00:38,733,tie_fighter,resistance,2,3,9,8,Ryloth
2025-07-08 14:00:37,734,unknown,empire,1,7,7,8,Skako
2025-07-08 14:00:36,735,resistance_soldier,resistance,10,6,2,2,Toydaria
2025-07-08 14:00:35,736,stormtrooper,resistance,10,9,6,6,Dathomir
2025-07-08 14:00:34,737,tie_silencer,empire,5,7,6,7,Stewjon
2025-07-08 14:00:33,738,tie_silencer,resistance,8,7,10,7,Champala
2025-07-08 14:00:32,739,stormtrooper,empire,3,8,6,9,Corellia
2025-07-08 14:00:31,740,x-wing,empire,10,5,2,1,Stewjon
2025-07-08 14:00:30,741,at-st,resistance,2,6,4,6,Kashyyyk
2025-07-08 14:00:29,742,unknown,empire,2,2,4,1,Vulpter
2025-07-08 14:00:28,743,unknown,empire,3,2,10,7,Bestine IV
2025-07-08 14:00:27,744,tie_fighter,empire,2,9,2,10,Umbara
2025-07-08 14:00:26,745,at-st,empire,7,4,5,5,Troiken
2025-07-08 14:00:25,746,stormtrooper,empire,6,5,2,9,Socorro
2025-07-08 14:00:24,747,x-wing,empire,2,9,2,7,Vulpter
2025-07-08 14:00:23,748,at-at,empire,1,3,5,7,Dagobah
2025-07-08 14:00:22,749,unknown,empire,9,5,1,3,Corellia
2025-07-08 14:00:21,750,tie_fighter,empire,6,4,1,10,Ojom
2025-07-08 14:00:20,751,tie_fighter,empire,7,6,9,2,Dagobah
2025-07-08 14:00:19,752,at-st,resistance,5,3,3,2,Rodia
2025-07-08 14:00:18,753,resistance_soldier,empire,5,9,10,5,Umbara
2025-07-08 14:00:17,754,x-wing,resistance,8,5,1,5,Alderaan
2025-07-08 14:00:16,755,x-wing,resistance,1,9,2,5,Rodia
2025-07-08 14:00:15,756,resistance_soldier,empire,7,9,9,6,Umbara
2025-07-08 14:00:14,757,tie_silencer,resistance,2,10,4,1,Zolan
2025-07-08 14:00:13,758,at-st,empire,5,9,4,4,Stewjon
2025-07-08 14:00:12,759,x-wing,empire,1,3,5,10,Tatooine
2025-07-08 14:00:11,760,resistance_soldier,resistance,9,9,9,6,Umbara
2025-07-08 14:00:10,761,stormtrooper,empire,8,8,7,9,Zolan
2025-07-08 14:00:09,762,tie_silencer,empire,7,10,2,5,Concord Dawn
2025-07-08 14:00:08,763,tie_fighter,resistance,3,5,7,10,Serenno
2025-07-08 14:00:07,764,at-at,resistance,5,4,1,8,Mon Cala
2025-07-08 14:00:06,765,at-st,resistance,2,6,9,4,Quermia
2025-07-08 14:00:05,766,x-wing,empire,5,2,6,8,Malastare
2025-07-08 14:00:04,767,at-st,empire,3,6,1,4,Rodia
2025-07-08 14:00:03,768,resistance_soldier,empire,2,4,2,7,Vulpter
2025-07-08 14:00:02,769,x-wing,empire,1,10,4,3,Rodia
2025-07-08 14:00:01,770,unknown,empire,10,6,10,8,Serenno
2025-07-08 14:00:00,771,unknown,empire,3,8,10,6,Quermia
2025-07-08 13:59:59,772,x-wing,empire,9,4,10,7,Mirial
2025-07-08 13:59:58,773,at-st,empire,5,1,9,3,Tund
2025-07-08 13:59:57,774,at-at,resistance,8,1,2,8,Mon Cala
2025-07-08 13:59:56,775,at-at,empire,7,10,6,6,Bestine IV
2025-07-08 13:59:55,776,x-wing,empire,3,6,9,7,Toydaria
2025-07-08 13:59:54,777,at-st,resistance,5,4,9,8,Zolan
2025-07-08 13:59:53,778,stormtrooper,empire,4,3,2,9,Tund
2025-07-08 13:59:52,779,stormtrooper,empire,4,9,1,3,Rodia
2025-07-08 13:59:51,780,tie_silencer,resistance,8,2,5,8,Dorin
2025-07-08 13:59:50,781,at-st,resistance,6,7,1,7,Dathomir
2025-07-08 13:59:49,782,stormtrooper,resistance,3,10,5,8,Mon Cala
2025-07-08 13:59:48,783,x-wing,resistance,2,8,1,3,Cerea
2025-07-08 13:59:47,784,at-at,resistance,5,2,7,3,Trandosha
2025-07-08 13:59:46,785,stormtrooper,empire,10,10,10,2,Trandosha
2025-07-08 13:59:45,786,x-wing,resistance,5,10,7,1,Dagobah
2025-07-08 13:59:44,787,x-wing,resistance,9,9,4,10,Zolan
2025-07-08 13:59:43,788,at-st,resistance,4,6,6,9,Dorin
2025-07-08 13:59:42,789,resistance_soldier,resistance,4,4,3,9,Glee Anselm
2025-07-08 13:59:41,790,unknown,resistance,3,5,5,10,Haruun Kal
2025-07-08 13:59:40,791,x-wing,empire,9,10,4,9,Corellia
2025-07-08 13:59:39,792,tie_silencer,empire,4,1,5,9,Iridonia
2025-07-08 13:59:38,793,at-at,resistance,5,8,8,1,Zolan
2025-07-08 13:59:37,794,at-at,empire,4,6,4,6,Vulpter
2025-07-08 13:59:36,795,x-wing,empire,4,4,10,9,Aleen Minor
2025-07-08 13:59:35,796,resistance_soldier,resistance,9,1,8,6,Iridonia
2025-07-08 13:59:34,797,at-at,empire,1,5,8,7,Toydaria
2025-07-08 13:59:33,798,stormtrooper,empire,2,8,9,4,Dorin
2025-07-08 13:59:32,799,at-st,empire,3,9,7,1,Skako
2025-07-08 13:59:31,800,resistance_soldier,empire,7,1,8,10,Kalee
2025-07-08 13:59:30,801,at-st,empire,7,4,2,10,Toydaria
2025-07-08 13:59:29,802,stormtrooper,empire,5,5,6,8,Ryloth
2025-07-08 13:59:28,803,unknown,empire,8,4,9,1,Skako
2025-07-08 13:59:27,804,resistance_soldier,resistance,3,6,3,6,Iridonia
2025-07-08 13:59:26,805,tie_fighter,empire,7,5,8,8,Ojom
2025-07-08 13:59:25,806,tie_silencer,resistance,6,2,9,7,Naboo
2025-07-08 13:59:24,807,stormtrooper,resistance,7,3,9,4,Zolan
2025-07-08 13:59:23,808,stormtrooper,resistance,8,8,10,5,Bestine IV
2025-07-08 13:59:22,809,unknown,empire,7,1,7,7,Kashyyyk
2025-07-08 13:59:21,810,unknown,resistance,8,7,1,3,Kalee
2025-07-08 13:59:20,811,stormtrooper,empire,2,4,1,7,Ojom
2025-07-08 13:59:19,812,x-wing,resistance,9,4,8,8,Dathomir
2025-07-08 13:59:18,813,stormtrooper,empire,3,10,2,9,Concord Dawn
2025-07-08 13:59:17,814,unknown,resistance,10,10,2,6,Vulpter
2025-07-08 13:59:16,815,unknown,resistance,4,3,6,3,Alderaan
2025-07-08 13:59:15,816,unknown,resistance,9,6,10,9,Alderaan
2025-07-08 13:59:14,817,stormtrooper,empire,4,6,3,5,Troiken
2025-07-08 13:59:13,818,tie_fighter,empire,2,7,2,8,Shili
2025-07-08 13:59:12,819,x-wing,resistance,2,4,3,6,Haruun Kal
2025-07-08 13:59:11,820,stormtrooper,resistance,5,5,9,8,Glee Anselm
2025-07-08 13:59:10,821,unknown,empire,5,3,3,9,Kalee
2025-07-08 13:59:09,822,tie_fighter,empire,6,8,2,10,Serenno
2025-07-08 13:59:08,823,at-st,resistance,10,5,1,1,Sullust
2025-07-08 13:59:07,824,stormtrooper,resistance,7,1,6,9,Toydaria
2025-07-08 13:59:06,825,stormtrooper,empire,6,5,3,8,Tatooine
2025-07-08 13:59:05,826,unknown,resistance,3,10,8,4,Troiken
2025-07-08 13:59:04,827,x-wing,empire,10,3,2,7,Malastare
2025-07-08 13:59:03,828,tie_fighter,resistance,3,1,1,9,Ryloth
2025-07-08 13:59:02,829,x-wing,empire,4,5,2,1,Socorro
2025-07-08 13:59:01,830,at-at,resistance,6,8,7,6,Tholoth
2025-07-08 13:59:00,831,stormtrooper,empire,1,6,2,4,Dagobah
2025-07-08 13:58:59,832,tie_silencer,empire,10,9,6,7,Aleen Minor
2025-07-08 13:58:58,833,stormtrooper,resistance,7,8,1,10,Bestine IV
2025-07-08 13:58:57,834,x-wing,resistance,9,4,8,3,Kashyyyk
2025-07-08 13:58:56,835,at-st,empire,9,6,5,5,Tund
2025-07-08 13:58:55,836,tie_fighter,resistance,1,7,2,4,Umbara
2025-07-08 13:58:54,837,at-st,resistance,8,1,8,4,Dathomir
2025-07-08 13:58:53,838,tie_fighter,resistance,4,5,6,3,Dathomir
2025-07-08 13:58:52,839,unknown,empire,8,7,10,6,Muunilinst
2025-07-08 13:58:51,840,tie_silencer,resistance,10,7,3,9,Trandosha
2025-07-08 13:58:50,841,unknown,resistance,1,5,9,1,Naboo
2025-07-08 13:58:49,842,unknown,empire,10,1,7,3,Dorin
2025-07-08 13:58:48,843,tie_silencer,empire,1,1,9,6,Cerea
2025-07-08 13:58:47,844,stormtrooper,empire,4,4,8,8,Ojom
2025-07-08 13:58:46,845,resistance_soldier,resistance,5,6,9,7,Iridonia
2025-07-08 13:58:45,846,resistance_soldier,resistance,10,2,9,3,Haruun Kal
2025-07-08 13:58:44,847,at-at,resistance,2,6,5,7,Trandosha
2025-07-08 13:58:43,848,x-wing,resistance,5,2,1,2,Ojom
2025-07-08 13:58:42,849,unknown,empire,3,3,10,10,Eriadu
2025-07-08 13:58:41,850,x-wing,resistance,5,8,10,6,Chandrila
2025-07-08 13:58:40,851,at-st,resistance,6,2,3,9,Bestine IV
2025-07-08 13:58:39,852,unknown,empire,5,4,8,5,Naboo
2025-07-08 13:58:38,853,tie_fighter,resistance,9,4,1,3,Haruun Kal
2025-07-08 13:58:37,854,tie_fighter,empire,8,3,4,5,Rodia
2025-07-08 13:58:36,855,x-wing,empire,8,5,5,1,Umbara
2025-07-08 13:58:35,856,at-at,resistance,3,6,6,3,Sullust
2025-07-08 13:58:34,857,at-st,empire,8,2,1,2,Mirial
2025-07-08 13:58:33,858,resistance_soldier,empire,4,8,10,9,Ojom
2025-07-08 13:58:32,859,resistance_soldier,empire,9,3,7,4,Skako
2025-07-08 13:58:31,860,at-st,resistance,4,4,1,5,Umbara
2025-07-08 13:58:30,861,tie_silencer,resistance,10,7,1,3,Toydaria
2025-07-08 13:58:29,862,tie_silencer,resistance,6,9,5,7,Glee Anselm
2025-07-08 13:58:28,863,at-st,empire,10,4,2,5,Corellia
2025-07-08 13:58:27,864,at-st,empire,5,1,3,10,Dagobah
2025-07-08 13:58:26,865,tie_fighter,empire,1,6,4,3,Dagobah
2025-07-08 13:58:25,866,tie_silencer,empire,7,6,8,10,Stewjon
2025-07-08 13:58:24,867,at-st,empire,5,10,2,4,Troiken
2025-07-08 13:58:23,868,stormtrooper,empire,1,9,9,2,Haruun Kal
2025-07-08 13:58:22,869,unknown,resistance,8,8,1,8,Iktotch
2025-07-08 13:58:21,870,unknown,resistance,5,3,5,8,Alderaan
2025-07-08 13:58:20,871,tie_silencer,empire,2,5,2,3,Serenno
2025-07-08 13:58:19,872,at-st,empire,9,6,9,8,Haruun Kal
2025-07-08 13:58:18,873,at-at,empire,4,1,4,4,Naboo
2025-07-08 13:58:17,874,unknown,empire,4,9,5,5,Glee Anselm
2025-07-08 13:58:16,875,stormtrooper,empire,4,4,4,2,Tund
2025-07-08 13:58:15,876,stormtrooper,resistance,9,8,3,6,Iktotch
2025-07-08 13:58:14,877,at-st,empire,4,7,9,6,Skako
2025-07-08 13:58:13,878,unknown,resistance,8,1,7,5,Sullust
2025-07-08 13:58:12,879,x-wing,empire,3,10,4,8,Concord Dawn
2025-07-08 13:58:11,880,tie_fighter,empire,10,7,4,3,Tund
2025-07-08 13:58:10,881,at-st,empire,3,8,9,2,Vulpter
2025-07-08 13:58:09,882,at-st,empire,1,3,3,9,Naboo
2025-07-08 13:58:08,883,stormtrooper,empire,6,4,4,1,Tund
2025-07-08 13:58:07,884,at-st,resistance,8,4,6,3,Troiken
2025-07-08 13:58:06,885,stormtrooper,resistance,2,8,5,7,Kashyyyk
2025-07-08 13:58:05,886,x-wing,resistance,6,7,9,9,Tholoth
2025-07-08 13:58:04,887,tie_silencer,resistance,5,1,6,6,Kalee
2025-07-08 13:58:03,888,at-st,resistance,3,6,10,1,Iridonia
2025-07-08 13:58:02,889,resistance_soldier,resistance,1,7,8,7,Umbara
2025-07-08 13:58:01,890,tie_silencer,empire,3,1,6,2,Trandosha
2025-07-08 13:58:00,891,tie_silencer,resistance,1,10,8,8,Iktotch
2025-07-08 13:57:59,892,at-st,resistance,5,3,1,4,Quermia
2025-07-08 13:57:58,893,tie_fighter,empire,7,6,3,10,Umbara
2025-07-08 13:57:57,894,unknown,empire,10,7,1,6,Naboo
2025-07-08 13:57:56,895,tie_fighter,resistance,9,3,1,4,Rodia
2025-07-08 13:57:55,896,stormtrooper,resistance,9,7,3,7,Bestine IV
2025-07-08 13:57:54,897,resistance_soldier,empire,1,2,6,7,Tund
2025-07-08 13:57:53,898,at-st,empire,8,7,6,3,Corellia
2025-07-08 13:57:52,899,tie_silencer,empire,1,7,8,3,Trandosha
2025-07-08 13:57:51,900,x-wing,empire,1,3,10,4,Corellia
2025-07-08 13:57:50,901,unknown,resistance,10,5,5,3,Kashyyyk
2025-07-08 13:57:49,902,at-at,resistance,1,4,4,2,Alderaan
2025-07-08 13:57:48,903,tie_silencer,empire,8,1,4,3,Dathomir
2025-07-08 13:57:47,904,at-st,resistance,2,9,2,7,Mon Cala
2025-07-08 13:57:46,905,tie_silencer,empire,7,6,4,4,Trandosha
2025-07-08 13:57:45,906,tie_silencer,empire,10,2,7,3,Quermia
2025-07-08 13:57:44,907,at-st,empire,5,8,9,5,Champala
2025-07-08 13:57:43,908,resistance_soldier,empire,5,5,2,6,Shili
2025-07-08 13:57:42,909,resistance_soldier,empire,3,8,1,4,Aleen Minor
2025-07-08 13:57:41,910,x-wing,resistance,8,3,10,1,Vulpter
2025-07-08 13:57:40,911,resistance_soldier,empire,1,3,9,2,Toydaria
2025-07-08 13:57:39,912,stormtrooper,resistance,4,10,6,1,Mirial
2025-07-08 13:57:38,913,tie_fighter,empire,2,8,9,4,Muunilinst
2025-07-08 13:57:37,914,x-wing,resistance,6,5,5,1,Umbara
2025-07-08 13:57:36,915,at-at,empire,7,2,1,2,Stewjon
2025-07-08 13:57:35,916,stormtrooper,empire,7,7,5,2,Toydaria
2025-07-08 13:57:34,917,tie_silencer,empire,5,5,2,2,Naboo
2025-07-08 13:57:33,918,x-wing,resistance,2,4,10,3,Shili
2025-07-08 13:57:32,919,tie_fighter,resistance,2,6,9,6,Iridonia
2025-07-08 13:57:31,920,tie_silencer,resistance,6,1,8,7,Tatooine
2025-07-08 13:57:30,921,tie_silencer,empire,4,7,1,10,Trandosha
2025-07-08 13:57:29,922,stormtrooper,empire,9,8,9,5,Ojom
2025-07-08 13:57:28,923,unknown,empire,9,8,5,7,Mirial
2025-07-08 13:57:27,924,x-wing,empire,6,1,3,1,Chandrila
2025-07-08 13:57:26,925,tie_silencer,resistance,1,4,10,8,Dorin
2025-07-08 13:57:25,926,resistance_soldier,resistance,5,10,3,10,Socorro
2025-07-08 13:57:24,927,stormtrooper,resistance,10,5,1,7,Naboo
2025-07-08 13:57:23,928,at-st,resistance,4,9,2,7,Haruun Kal
2025-07-08 13:57:22,929,resistance_soldier,empire,6,7,4,2,Dagobah
2025-07-08 13:57:21,930,tie_silencer,empire,6,2,7,1,Glee Anselm
2025-07-08 13:57:20,931,x-wing,empire,7,8,10,7,Umbara
2025-07-08 13:57:19,932,unknown,resistance,9,7,9,5,Trandosha
2025-07-08 13:57:18,933,tie_fighter,empire,4,5,2,7,Aleen Minor
2025-07-08 13:57:17,934,unknown,empire,1,2,5,3,Aleen Minor
2025-07-08 13:57:16,935,x-wing,empire,5,1,5,4,Toydaria
2025-07-08 13:57:15,936,stormtrooper,empire,7,4,10,3,Vulpter
2025-07-08 13:57:14,937,stormtrooper,resistance,2,4,2,10,Chandrila
2025-07-08 13:57:13,938,resistance_soldier,empire,6,6,2,1,Mirial
2025-07-08 13:57:12,939,tie_fighter,resistance,3,5,1,1,Kashyyyk
2025-07-08 13:57:11,940,x-wing,empire,10,8,2,6,Concord Dawn
2025-07-08 13:57:10,941,resistance_soldier,empire,9,4,1,4,Kalee
2025-07-08 13:57:09,942,at-st,resistance,2,6,9,3,Iktotch
2025-07-08 13:57:08,943,tie_silencer,empire,4,9,6,4,Quermia
2025-07-08 13:57:07,944,at-st,empire,5,10,4,7,Aleen Minor
2025-07-08 13:57:06,945,stormtrooper,resistance,3,7,5,1,Mon Cala
2025-07-08 13:57:05,946,tie_fighter,resistance,5,10,2,4,Vulpter
2025-07-08 13:57:04,947,tie_fighter,empire,3,2,8,2,Corellia
2025-07-08 13:57:03,948,resistance_soldier,resistance,1,8,6,2,Naboo
2025-07-08 13:57:02,949,tie_silencer,empire,6,10,6,9,Concord Dawn
2025-07-08 13:57:01,950,tie_fighter,resistance,4,4,5,1,Sullust
2025-07-08 13:57:00,951,x-wing,empire,10,2,10,4,Umbara
2025-07-08 13:56:59,952,resistance_soldier,resistance,6,1,3,10,Kashyyyk
2025-07-08 13:56:58,953,at-at,empire,1,7,6,3,Dorin
2025-07-08 13:56:57,954,at-at,empire,8,7,9,6,Stewjon
2025-07-08 13:56:56,955,x-wing,empire,9,5,10,2,Malastare
2025-07-08 13:56:55,956,tie_silencer,resistance,3,2,8,6,Troiken
2025-07-08 13:56:54,957,x-wing,resistance,3,8,10,1,Ryloth
2025-07-08 13:56:53,958,resistance_soldier,resistance,2,9,1,2,Sullust
2025-07-08 13:56:52,959,at-st,resistance,6,5,1,2,Iktotch
2025-07-08 13:56:51,960,resistance_soldier,resistance,2,6,2,3,Chandrila
2025-07-08 13:56:50,961,at-st,resistance,10,3,9,10,Haruun Kal
2025-07-08 13:56:49,962,unknown,resistance,5,6,7,3,Trandosha
2025-07-08 13:56:48,963,x-wing,empire,1,1,10,10,Tholoth
2025-07-08 13:56:47,964,unknown,empire,3,2,6,1,Haruun Kal
2025-07-08 13:56:46,965,tie_silencer,empire,9,6,1,2,Ojom
2025-07-08 13:56:45,966,unknown,resistance,7,3,1,3,Mon Cala
2025-07-08 13:56:44,967,tie_silencer,empire,10,6,10,3,Muunilinst
2025-07-08 13:56:43,968,stormtrooper,empire,4,4,3,6,Malastare
2025-07-08 13:56:42,969,stormtrooper,empire,3,5,9,10,Serenno
2025-07-08 13:56:41,970,tie_silencer,empire,8,7,2,9,Serenno
2025-07-08 13:56:40,971,at-at,resistance,9,3,4,7,Iridonia
2025-07-08 13:56:39,972,x-wing,resistance,5,10,3,9,Naboo
2025-07-08 13:56:38,973,x-wing,resistance,2,8,10,3,Zolan
2025-07-08 13:56:37,974,stormtrooper,resistance,7,8,4,3,Champala
2025-07-08 13:56:36,975,unknown,resistance,5,6,5,2,Mirial
2025-07-08 13:56:35,976,resistance_soldier,resistance,10,9,9,10,Sullust
2025-07-08 13:56:34,977,at-st,empire,8,3,3,3,Stewjon
2025-07-08 13:56:33,978,tie_silencer,empire,2,2,1,1,Dagobah
2025-07-08 13:56:32,979,unknown,resistance,1,3,10,2,Mirial
2025-07-08 13:56:31,980,x-wing,empire,7,8,4,4,Tatooine
2025-07-08 13:56:30,981,at-at,empire,10,4,7,4,Ojom
2025-07-08 13:56:29,982,tie_silencer,resistance,10,5,1,8,Concord Dawn
2025-07-08 13:56:28,983,unknown,resistance,5,1,5,10,Dorin
2025-07-08 13:56:27,984,unknown,resistance,9,10,8,4,Mirial
2025-07-08 13:56:26,985,at-at,empire,7,2,1,2,Dagobah
2025-07-08 13:56:25,986,at-st,empire,5,8,5,10,Zolan
2025-07-08 13:56:24,987,unknown,empire,1,9,10,2,Kalee
2025-07-08 13:56:23,988,tie_silencer,resistance,7,5,9,10,Shili
2025-07-08 13:56:22,989,tie_silencer,empire,3,8,7,7,Aleen Minor
2025-07-08 13:56:21,990,at-at,resistance,8,6,4,4,Concord Dawn
2025-07-08 13:56:20,991,tie_silencer,resistance,10,5,7,5,Aleen Minor
2025-07-08 13:56:19,992,x-wing,resistance,10,8,4,4,Bestine IV
2025-07-08 13:56:18,993,stormtrooper,resistance,7,7,2,3,Bestine IV
2025-07-08 13:56:17,994,tie_silencer,resistance,1,2,7,4,Shili
2025-07-08 13:56:16,995,unknown,resistance,8,2,6,3,Sullust
2025-07-08 13:56:15,996,x-wing,empire,1,10,1,7,Tund
2025-07-08 13:56:14,997,tie_fighter,empire,1,10,4,1,Vulpter
2025-07-08 13:56:13,998,at-st,resistance,4,2,2,9,Vulpter
2025-07-08 13:56:12,999,tie_fighter,resistance,3,5,4,9,Tatooine
2025-07-08 13:56:11,1000,stormtrooper,resistance,5,3,8,2,Glee Anselm
